City_ID,City,Country,Date,Lat,Lng,Max Temp,Humidity,Cloudiness,Wind Speed
0,Noyabrsk,RU,2021-01-27 03:24:53,63.1994,75.4507,-26.9,86,81,9.95
1,Svetlogorsk,BY,2021-01-27 03:24:53,52.6333,29.7333,30.6,96,99,17.83
2,Daru,PG,2021-01-27 03:24:54,-9.0763,143.2092,86.72,70,91,10.13
3,Koutiala,ML,2021-01-27 03:24:54,12.3917,-5.4642,67.19,21,90,9.57
4,Beruwala,LK,2021-01-27 03:24:54,6.4788,79.9828,74.89,73,81,5.75
5,Rikitea,PF,2021-01-27 03:24:54,-23.1203,-134.9692,80.53,71,26,8.05
6,Sao Mateus,BR,2021-01-27 03:24:54,-18.7161,-39.8589,73.22,88,100,3.29
7,Gat,IL,2021-01-27 03:20:04,31.61,34.7642,54.0,28,100,1.01
8,Thanh Hoa,VN,2021-01-27 03:24:55,19.8,105.7667,75.13,62,90,1.36
9,Prince Rupert,CA,2021-01-27 03:24:55,54.3161,-130.3201,35.6,80,1,5.75
10,Hermanus,ZA,2021-01-27 03:24:55,-34.4187,19.2345,63.0,95,91,7.14
11,Mataura,NZ,2021-01-27 03:24:55,-46.1927,168.8643,64.99,83,99,8.01
12,Punta Arenas,CL,2021-01-27 03:24:55,-53.15,-70.9167,44.6,57,75,20.71
13,Vila Velha,BR,2021-01-27 03:21:03,-20.3297,-40.2925,77.0,83,0,4.61
14,Fortuna,US,2021-01-27 03:24:56,40.5982,-124.1573,39.99,100,90,23.02
15,East London,ZA,2021-01-27 03:24:56,-33.0153,27.9116,72.61,86,100,8.59
16,Bambanglipuro,ID,2021-01-27 03:24:56,-7.95,110.2833,83.1,73,98,6.76
17,Busselton,AU,2021-01-27 03:24:56,-33.65,115.3333,71.01,48,1,5.99
18,Lorengau,PG,2021-01-27 03:24:56,-2.0226,147.2712,85.37,71,100,11.41
19,Qaanaaq,GL,2021-01-27 03:24:57,77.484,-69.3632,-15.25,63,0,7.14
20,Albany,US,2021-01-27 03:24:57,42.6001,-73.9662,27.0,77,100,6.26
21,Huntsville,US,2021-01-27 03:21:57,34.7304,-86.5861,55.99,76,90,6.08
22,La Ronge,CA,2021-01-27 03:24:57,55.1001,-105.2842,-23.8,76,16,3.44
23,Urubamba,PE,2021-01-27 03:24:57,-13.3047,-72.1158,57.13,64,100,4.76
24,Yumen,CN,2021-01-27 03:24:58,40.2833,97.2,23.41,75,0,28.32
25,Castro,BR,2021-01-27 03:24:58,-24.7911,-50.0119,64.33,94,100,3.69
26,Roma,US,2021-01-27 03:24:58,43.2128,-75.4557,26.6,86,90,6.91
27,Namatanai,PG,2021-01-27 03:23:11,-3.6667,152.4333,85.71,68,88,7.52
28,Port Alfred,ZA,2021-01-27 03:24:58,-33.5906,26.891,66.99,95,100,6.17
29,Volta Redonda,BR,2021-01-27 03:24:58,-22.5231,-44.1042,77.0,83,0,3.44
30,Jamestown,US,2021-01-27 03:24:58,42.097,-79.2353,30.0,93,90,9.91
31,Upernavik,GL,2021-01-27 03:24:59,72.7868,-56.1549,1.11,88,84,11.65
32,Harper,LR,2021-01-27 03:24:59,4.375,-7.7169,77.43,86,71,6.55
33,Vaini,TO,2021-01-27 03:24:59,-21.2,-175.2,80.6,89,75,11.5
34,Sao Felix Do Xingu,BR,2021-01-27 03:24:59,-6.6447,-51.995,73.33,95,100,1.16
35,Innisfail,AU,2021-01-27 03:24:59,-17.5333,146.0333,83.52,69,98,5.93
36,Hasaki,JP,2021-01-27 03:25:00,35.7333,140.8333,52.0,93,75,6.91
37,Ushuaia,AR,2021-01-27 03:22:44,-54.8,-68.3,39.2,81,75,23.02
38,Nikolskoye,RU,2021-01-27 03:25:00,59.7035,30.7861,34.0,93,90,6.71
39,Lebu,CL,2021-01-27 03:25:00,-37.6167,-73.65,56.26,78,46,16.42
40,Belen,TR,2021-01-27 03:25:00,36.4891,36.2233,39.2,87,75,2.3
41,Barrow,US,2021-01-27 03:25:01,71.2906,-156.7887,-20.2,76,90,8.05
42,Requena,ES,2021-01-27 03:25:01,39.4883,-1.1004,60.01,93,0,3.44
43,Tynda,RU,2021-01-27 03:25:01,55.1667,124.7167,-24.3,82,100,8.46
44,Olds,CA,2021-01-27 03:25:01,51.7834,-114.102,5.0,100,96,8.05
45,Sigli,ID,2021-01-27 03:25:01,5.3848,95.9609,82.17,67,78,1.43
46,Bitkine,TD,2021-01-27 03:25:01,11.9801,18.2138,68.7,22,41,8.7
47,Lagoa,PT,2021-01-27 03:25:02,39.05,-27.9833,61.63,85,33,26.06
48,Saldanha,ZA,2021-01-27 03:25:02,-33.0117,17.9442,60.8,88,9,11.5
49,Celestun,MX,2021-01-27 03:25:02,20.8667,-90.4,81.21,65,54,13.18
50,Ribeira Grande,PT,2021-01-27 03:25:02,38.5167,-28.7,62.55,82,60,32.35
51,Norman Wells,CA,2021-01-27 03:25:03,65.282,-126.8329,-16.6,76,75,2.3
52,Newport,GB,2021-01-27 03:25:03,51.5877,-2.9984,46.99,99,100,4.81
53,Provideniya,RU,2021-01-27 03:25:03,64.3833,-173.3,8.6,72,90,20.13
54,Clyde River,CA,2021-01-27 03:20:04,70.4692,-68.5914,3.2,72,1,20.71
55,Morros,BR,2021-01-27 03:25:04,-9.4467,-46.3003,76.75,55,65,1.48
56,Dikson,RU,2021-01-27 03:25:04,73.5069,80.5464,-22.88,84,100,7.4
57,Arraial Do Cabo,BR,2021-01-27 03:25:04,-22.9661,-42.0278,77.0,78,0,16.11
58,Synya,RU,2021-01-27 03:25:04,65.3718,58.0387,-14.93,87,100,7.23
59,Olafsvik,IS,2021-01-27 03:25:05,64.8945,-23.7142,28.11,88,100,20.71
60,Komsomolskiy,UZ,2021-01-27 03:25:05,40.4272,71.7189,23.0,80,11,6.91
61,Tuktoyaktuk,CA,2021-01-27 03:25:05,69.4541,-133.0374,-14.8,76,90,14.97
62,Victoria,HK,2021-01-27 03:24:16,22.2855,114.1577,68.0,72,28,1.99
63,Alofi,NU,2021-01-27 03:25:05,-19.0595,-169.9187,78.8,73,90,8.05
64,Khatanga,RU,2021-01-27 03:25:05,71.9667,102.5,-25.67,81,34,9.46
65,Hilo,US,2021-01-27 03:25:06,19.7297,-155.09,77.0,69,20,6.91
66,Hobart,AU,2021-01-27 03:25:06,-42.8794,147.3294,62.01,47,75,12.66
67,Seoul,KR,2021-01-27 03:23:35,37.5683,126.9778,41.0,28,0,6.91
68,Atuona,PF,2021-01-27 03:25:06,-9.8,-139.0333,78.42,79,3,18.23
69,Kapaa,US,2021-01-27 03:24:32,22.0752,-159.319,75.2,78,40,12.66
70,Nyrob,RU,2021-01-27 03:25:07,60.733,56.7202,19.4,97,99,5.26
71,Puerto Ayora,EC,2021-01-27 03:25:07,-0.7393,-90.3518,77.0,95,38,3.0
72,George Town,MY,2021-01-27 03:25:07,5.4112,100.3354,86.0,70,20,2.3
73,Yurga,RU,2021-01-27 03:25:07,55.7231,84.8861,12.33,96,100,16.84
74,Oussouye,SN,2021-01-27 03:25:08,12.485,-16.5469,68.0,83,0,4.61
75,Hithadhoo,MV,2021-01-27 03:25:08,-0.6,73.0833,81.36,76,100,19.26
76,Santa Cruz De Tenerife,ES,2021-01-27 03:25:08,28.4682,-16.2546,62.01,93,0,11.27
77,Ponta Do Sol,PT,2021-01-27 03:25:08,32.6667,-17.1,62.6,77,75,4.61
78,Srednekolymsk,RU,2021-01-27 03:25:08,67.45,153.6833,-28.84,84,100,8.97
79,Ambon,ID,2021-01-27 03:22:45,-3.6954,128.1814,87.8,62,40,10.36
80,Yellowknife,CA,2021-01-27 03:25:09,62.456,-114.3525,-9.99,77,75,5.75
81,Kampong Thum,KH,2021-01-27 03:25:09,12.7111,104.8887,83.41,55,95,6.44
82,Senneterre,CA,2021-01-27 03:25:09,48.3835,-77.2328,12.2,92,90,12.66
83,Cabo San Lucas,MX,2021-01-27 03:22:25,22.8909,-109.9124,60.01,69,100,10.0
84,Sisimiut,GL,2021-01-27 03:25:09,66.9395,-53.6735,6.33,87,33,6.53
85,Tessalit,ML,2021-01-27 03:25:10,20.1986,1.0114,62.73,25,0,9.78
86,Bethel,US,2021-01-27 03:25:10,41.3712,-73.414,28.0,93,90,4.61
87,Airai,TL,2021-01-27 03:25:10,-8.9266,125.4092,74.12,66,96,4.65
88,Falam,MM,2021-01-27 03:25:10,22.9167,93.6833,63.72,50,0,2.75
89,Bluff,NZ,2021-01-27 03:25:10,-46.6,168.3333,64.99,83,100,8.01
90,Aguimes,ES,2021-01-27 03:25:11,27.9054,-15.4461,64.4,77,20,16.11
91,Tete,MZ,2021-01-27 03:25:11,-16.1564,33.5867,75.0,100,40,1.48
92,Kuhdasht,IR,2021-01-27 03:25:11,33.535,47.6061,38.32,70,72,1.95
93,Okhotsk,RU,2021-01-27 03:25:11,59.3833,143.3,-9.87,80,92,9.6
94,Micomeseng,GQ,2021-01-27 03:25:11,2.1462,10.6164,69.57,99,100,1.23
95,Agadez,NE,2021-01-27 03:25:12,19.75,10.25,57.33,29,0,8.21
96,Laguna,US,2021-01-27 03:25:12,38.421,-121.4238,46.99,70,90,24.16
97,Morondava,MG,2021-01-27 03:25:12,-20.2833,44.2833,79.52,84,78,6.82
98,Dumas,US,2021-01-27 03:25:12,35.8656,-101.9732,28.0,93,90,6.91
99,Karratha,AU,2021-01-27 03:25:12,-20.7377,116.8463,99.66,14,0,5.95
100,Kikwit,CD,2021-01-27 03:25:13,-5.041,18.8162,69.62,94,94,0.58
101,Quatre Cocos,MU,2021-01-27 03:25:13,-20.2078,57.7625,75.2,83,20,5.75
102,Hirara,JP,2021-01-27 03:25:13,24.8,125.2833,69.8,68,75,11.5
103,Mount Gambier,AU,2021-01-27 03:25:13,-37.8333,140.7667,69.8,43,4,20.71
104,Ofaqim,IL,2021-01-27 03:25:13,31.3141,34.6203,50.0,31,100,1.01
105,Guerrero Negro,MX,2021-01-27 03:24:04,27.9769,-114.0611,56.39,61,52,9.95
106,Beringovskiy,RU,2021-01-27 03:25:14,63.05,179.3167,-2.88,92,100,20.71
107,Torbay,CA,2021-01-27 03:25:14,47.6666,-52.7314,33.01,93,90,20.71
108,Flinders,AU,2021-01-27 03:25:14,-34.5833,150.8552,66.99,95,100,1.99
109,Wang Saphung,TH,2021-01-27 03:25:14,17.301,101.7685,82.99,65,1,2.3
110,Jizan,SA,2021-01-27 03:21:01,17.3333,42.6667,71.6,78,0,9.22
111,Georgetown,MY,2021-01-27 03:25:07,5.4112,100.3354,86.0,70,20,2.3
112,Sept-Iles,CA,2021-01-27 03:21:44,50.2001,-66.3821,28.4,69,86,3.44
113,Cape Town,ZA,2021-01-27 03:23:05,-33.9258,18.4232,66.99,82,0,13.8
114,Lompoc,US,2021-01-27 03:25:15,34.6391,-120.4579,50.0,62,90,4.61
115,Cap Malheureux,MU,2021-01-27 03:25:15,-19.9842,57.6142,75.2,83,20,5.75
116,Morehead,US,2021-01-27 03:25:16,37.2711,-87.1764,39.99,70,90,4.61
117,Chokurdakh,RU,2021-01-27 03:25:16,70.6333,147.9167,-30.19,83,93,7.34
118,Kodiak,US,2021-01-27 03:25:16,57.79,-152.4072,35.6,51,1,5.75
119,Payo,ID,2021-01-27 03:25:16,-3.7508,103.6372,75.85,91,100,1.14
120,Cockburn Town,TC,2021-01-27 03:21:01,21.4612,-71.1419,75.54,78,33,19.69
121,Goshen,US,2021-01-27 03:21:57,41.5823,-85.8344,28.4,80,90,11.5
122,Bogale,MM,2021-01-27 03:25:17,16.2833,95.4,81.5,39,1,7.05
123,Carnarvon,AU,2021-01-27 03:25:17,-24.8667,113.6333,78.8,47,0,24.16
124,Taoudenni,ML,2021-01-27 03:25:17,22.6783,-3.9836,67.14,24,0,14.32
125,Longyearbyen,SJ,2021-01-27 03:22:12,78.2186,15.6401,5.0,61,0,20.71
126,Severo-Kurilsk,RU,2021-01-27 03:25:18,50.6789,156.125,26.04,95,82,21.77
127,Souillac,MU,2021-01-27 03:25:18,-20.5167,57.5167,75.2,83,20,5.75
128,Waipawa,NZ,2021-01-27 03:25:18,-41.4122,175.5153,75.2,60,0,23.02
129,Wewak,PG,2021-01-27 03:25:18,-3.5534,143.6268,83.82,75,100,5.3
130,Hay River,CA,2021-01-27 03:25:18,60.8156,-115.7999,-7.6,77,100,6.91
131,Margate,GB,2021-01-27 03:25:18,51.3813,1.3862,45.0,92,100,1.99
132,Rochegda,RU,2021-01-27 03:25:18,62.8,43.25,28.85,99,99,6.91
133,Xuddur,SO,2021-01-27 03:25:19,4.1213,43.8894,65.82,90,4,15.01
134,Makakilo City,US,2021-01-27 03:25:19,21.3469,-158.0858,78.8,61,1,5.75
135,Chara,RU,2021-01-27 03:25:19,56.9064,118.2631,-22.11,81,100,2.1
136,Fare,PF,2021-01-27 03:25:19,-16.7,-151.0167,81.0,75,95,15.1
137,Coahuayana,MX,2021-01-27 03:25:19,18.7333,-103.6833,68.34,84,54,1.74
138,Constitucion,CL,2021-01-27 03:20:56,-35.3333,-72.4167,53.76,80,0,8.75
139,Altoona,US,2021-01-27 03:23:54,40.5187,-78.3947,39.0,91,53,1.99
140,Auburn,US,2021-01-27 03:25:20,47.3073,-122.2284,42.01,52,90,14.97
141,Dunedin,NZ,2021-01-27 03:24:34,-45.8742,170.5036,72.9,46,100,16.69
142,Eastlake,US,2021-01-27 03:24:22,41.6539,-81.4504,30.99,80,90,9.22
143,Nome,US,2021-01-27 03:25:20,64.5011,-165.4064,12.2,85,90,1.3
144,Baykit,RU,2021-01-27 03:25:20,61.67,96.37,-44.37,72,60,2.64
145,Bodden Town,KY,2021-01-27 03:21:09,19.2833,-81.25,79.0,78,0,5.75
146,Mizan Teferi,ET,2021-01-27 03:25:21,6.9833,35.5833,62.91,55,0,3.27
147,Aksu,CN,2021-01-27 03:25:21,41.1231,80.2644,20.8,81,0,2.51
148,Antofagasta,CL,2021-01-27 03:20:29,-23.65,-70.4,66.2,77,75,13.8
149,Mayo,US,2021-01-27 03:25:21,38.8876,-76.5119,37.4,100,90,6.58
150,Kavieng,PG,2021-01-27 03:25:21,-2.5744,150.7967,84.6,73,96,10.16
151,Bambous Virieux,MU,2021-01-27 03:25:22,-20.3428,57.7575,75.2,83,20,5.75
152,New Norfolk,AU,2021-01-27 03:25:22,-42.7826,147.0587,62.01,47,75,12.66
153,Iralaya,HN,2021-01-27 03:25:22,15.0,-83.2333,77.9,83,2,9.53
154,Chalus,IR,2021-01-27 03:25:22,36.655,51.4204,37.4,75,0,4.99
155,Yei,SS,2021-01-27 03:25:22,4.095,30.6779,70.18,54,1,2.89
156,Grindavik,IS,2021-01-27 03:25:23,63.8424,-22.4338,28.4,59,75,23.02
157,Port Elizabeth,ZA,2021-01-27 03:25:23,-33.918,25.5701,68.0,88,0,9.22
158,Mehamn,NO,2021-01-27 03:25:23,71.0357,27.8492,24.71,95,100,26.69
159,Trofors,NO,2021-01-27 03:25:23,65.5333,13.4063,33.8,86,90,10.36
160,Nanortalik,GL,2021-01-27 03:25:23,60.1432,-45.2371,15.04,82,0,6.04
161,Musoma,TZ,2021-01-27 03:25:23,-1.5,33.8,67.08,80,0,5.91
162,Port Lincoln,AU,2021-01-27 03:25:24,-34.7333,135.8667,66.99,65,66,14.18
163,Navoloki,RU,2021-01-27 03:25:24,57.4657,41.9634,32.23,98,100,13.82
164,Lima,PE,2021-01-27 03:25:23,-12.0432,-77.0282,73.0,72,100,9.55
165,Sao Filipe,CV,2021-01-27 03:25:24,14.8961,-24.4956,72.7,70,0,3.53
166,Bilibino,RU,2021-01-27 03:25:24,68.0546,166.4372,-17.21,83,100,5.55
167,Sambava,MG,2021-01-27 03:25:25,-14.2667,50.1667,74.95,87,12,4.63
168,La Cruz,MX,2021-01-27 03:25:25,23.9167,-106.9,60.01,81,71,1.99
169,Hami,CN,2021-01-27 03:25:25,42.8,93.45,19.56,80,0,6.67
170,Ojinaga,MX,2021-01-27 03:25:25,29.5667,-104.4167,55.4,24,90,12.66
171,Vostok,RU,2021-01-27 03:25:25,46.4856,135.8833,6.49,93,99,12.46
172,Kaitangata,NZ,2021-01-27 03:25:25,-46.2817,169.8464,75.0,50,100,7.0
173,Bredasdorp,ZA,2021-01-27 03:25:26,-34.5322,20.0403,64.4,82,15,6.91
174,Tiksi,RU,2021-01-27 03:25:26,71.6872,128.8694,-37.35,83,100,3.29
175,Khanpur,PK,2021-01-27 03:25:26,28.6453,70.6567,50.05,38,0,1.74
176,Muravlenko,RU,2021-01-27 03:25:26,63.7898,74.523,-28.89,85,28,11.72
177,Vyartsilya,RU,2021-01-27 03:25:27,62.1764,30.693,31.82,99,100,3.96
178,Butaritari,KI,2021-01-27 03:25:27,3.0707,172.7902,81.36,75,3,9.4
179,Pavagada,IN,2021-01-27 03:25:27,14.1,77.2667,68.79,46,97,4.63
180,Luganville,VU,2021-01-27 03:25:27,-15.5333,167.1667,80.38,82,100,8.95
181,Nioro,GM,2021-01-27 03:25:27,13.35,-15.75,69.28,19,0,4.09
182,Bauchi,NG,2021-01-27 03:24:41,10.5,10.0,65.55,27,72,5.3
183,Barkhan,PK,2021-01-27 03:25:28,29.8977,69.5256,42.51,48,0,3.94
184,Zharkent,KZ,2021-01-27 03:25:28,44.1628,80.0,16.9,83,1,0.94
185,Cherskiy,RU,2021-01-27 03:25:28,68.75,161.3,-33.21,81,100,2.75
186,Ossora,RU,2021-01-27 03:25:28,59.2353,163.0719,7.81,93,100,15.5
187,Merauke,ID,2021-01-27 03:25:06,-8.4667,140.3333,85.53,73,99,15.23
188,Broken Hill,AU,2021-01-27 03:25:28,-31.95,141.4333,80.6,44,96,16.11
189,Wattegama,LK,2021-01-27 03:25:29,6.7989,81.4808,78.8,78,20,8.05
190,Asau,RO,2021-01-27 03:25:29,46.4333,26.4,32.0,45,100,7.45
191,Comodoro Rivadavia,AR,2021-01-27 03:25:29,-45.8667,-67.5,57.2,54,0,16.11
192,Keshorai Patan,IN,2021-01-27 03:25:29,25.3,75.9333,50.83,46,0,2.37
193,Vestmannaeyjar,IS,2021-01-27 03:25:29,63.4427,-20.2734,33.75,85,100,27.29
194,Linkou,CN,2021-01-27 03:25:29,45.3,130.2833,8.53,84,2,12.71
195,Khasan,RU,2021-01-27 03:25:30,42.4308,130.6434,24.24,76,0,19.84
196,Baker City,US,2021-01-27 03:25:30,44.7749,-117.8344,32.0,64,90,14.97
197,Verkhoyansk,RU,2021-01-27 03:22:00,67.5447,133.385,-45.67,73,53,2.04
198,Anshun,CN,2021-01-27 03:25:30,26.25,105.9333,43.5,87,99,6.91
199,Vila Franca Do Campo,PT,2021-01-27 03:25:30,37.7167,-25.4333,63.0,94,75,23.02
200,Dingle,PH,2021-01-27 03:25:30,10.9995,122.6711,81.73,79,99,12.06
201,Saint-Pierre,RE,2021-01-27 03:25:30,-21.3393,55.4781,78.8,50,0,9.22
202,Talnakh,RU,2021-01-27 03:25:31,69.4865,88.3972,-19.86,85,100,5.39
203,Esperance,AU,2021-01-27 03:25:31,-33.8667,121.9,64.4,77,90,18.41
204,Semaria,IN,2021-01-27 03:25:31,24.3073,79.9718,54.9,41,0,3.09
205,Sistranda,NO,2021-01-27 03:25:31,63.7256,8.834,33.8,75,40,13.8
206,Sakaiminato,JP,2021-01-27 03:25:31,35.55,133.2333,51.8,50,75,9.22
207,Gayny,RU,2021-01-27 03:25:32,60.3071,54.3241,25.79,98,97,6.08
208,Byron Bay,AU,2021-01-27 03:25:32,-28.65,153.6167,87.8,65,0,17.27
209,Saint-Leu,RE,2021-01-27 03:25:32,-21.15,55.2833,78.01,58,1,3.0
210,Barda,AZ,2021-01-27 03:25:32,40.3744,47.1267,23.0,86,8,3.44
211,Eruwa,NG,2021-01-27 03:25:32,7.5333,3.4167,72.93,89,100,3.33
212,Salalah,OM,2021-01-27 03:25:32,17.0151,54.0924,73.4,31,0,10.36
213,Beira,MZ,2021-01-27 03:25:33,-19.8436,34.8389,78.01,94,20,2.46
214,Namibe,AO,2021-01-27 03:25:33,-15.1961,12.1522,74.68,77,3,6.53
215,Darhan,MN,2021-01-27 03:25:33,49.4867,105.9228,-5.89,88,100,3.49
216,Coihaique,CL,2021-01-27 03:25:33,-45.5752,-72.0662,46.4,93,75,2.3
217,Liyang,CN,2021-01-27 03:25:33,29.7057,118.2862,53.01,78,64,2.62
218,Skibbereen,IE,2021-01-27 03:25:33,51.55,-9.2667,48.2,100,75,6.91
219,Alice Springs,AU,2021-01-27 03:23:25,-23.7,133.8833,93.0,51,75,9.22
220,Khash,IR,2021-01-27 03:25:34,28.2211,61.2158,33.94,60,0,2.3
221,Bengkulu,ID,2021-01-27 03:25:34,-3.8004,102.2655,75.25,86,100,2.08
222,Thompson,CA,2021-01-27 03:25:34,55.7435,-97.8558,-18.4,83,75,3.69
223,Smirnykh,RU,2021-01-27 03:25:34,49.75,142.8333,7.21,92,100,2.75
224,Maloy,NO,2021-01-27 03:25:34,61.9353,5.1136,28.99,93,75,8.05
225,Tasiilaq,GL,2021-01-27 03:25:35,65.6145,-37.6368,10.11,93,100,12.21
226,Tuatapere,NZ,2021-01-27 03:25:35,-46.1333,167.6833,64.99,83,89,8.01
227,Pleasanton,US,2021-01-27 03:25:35,37.6624,-121.8747,46.99,76,90,6.91
228,Harmanli,BG,2021-01-27 03:25:35,41.9333,25.9,33.01,90,100,20.83
229,Anadyr,RU,2021-01-27 03:25:35,64.75,177.4833,5.0,72,75,13.42
230,Terney,RU,2021-01-27 03:25:35,45.0503,136.6092,21.06,85,0,17.43
231,Ketchikan,US,2021-01-27 03:25:36,55.3422,-131.6461,28.4,80,1,5.75
232,Bakchar,RU,2021-01-27 03:25:36,57.0186,82.0711,10.27,96,100,7.67
233,Husavik,IS,2021-01-27 03:25:36,66.0449,-17.3389,12.2,85,0,5.41
234,Yulara,AU,2021-01-27 03:25:36,-25.2406,130.9889,80.6,69,40,13.8
235,La Crosse,US,2021-01-27 03:22:27,43.8014,-91.2396,14.0,79,40,3.44
236,Ornskoldsvik,SE,2021-01-27 03:22:26,63.2909,18.7153,6.8,92,20,6.91
237,Saint-Philippe,RE,2021-01-27 03:25:37,-21.3585,55.7679,78.8,50,0,9.22
238,Karatuzskoye,RU,2021-01-27 03:25:37,53.6072,92.8667,-6.84,90,100,2.95
239,Bowen,AU,2021-01-27 03:25:37,-20.0167,148.2333,87.8,58,8,12.66
240,Havelock,US,2021-01-27 03:25:37,34.8791,-76.9013,57.0,96,89,4.97
241,Kattivakkam,IN,2021-01-27 03:25:38,13.2167,80.3167,75.2,83,20,2.3
242,Venice,US,2021-01-27 03:25:24,27.0998,-82.4543,69.8,100,20,6.91
243,Saskylakh,RU,2021-01-27 03:25:38,71.9167,114.0833,-35.57,82,40,2.13
244,Kutum,SD,2021-01-27 03:25:38,14.2,24.6667,54.41,34,1,3.04
245,Sakakah,SA,2021-01-27 03:25:38,29.9697,40.2064,46.4,36,0,5.75
246,Pevek,RU,2021-01-27 03:25:39,69.7008,170.3133,-29.6,85,28,3.22
247,Maltahohe,NA,2021-01-27 03:25:39,-24.8333,16.9833,71.74,34,62,4.38
248,Liwale,TZ,2021-01-27 03:25:39,-9.7667,37.9333,68.0,97,73,2.46
249,Lishui,CN,2021-01-27 03:25:39,28.4604,119.9103,55.74,66,94,0.94
250,Miandrivazo,MG,2021-01-27 03:25:39,-19.5167,45.4667,77.11,82,100,3.36
251,Lavrentiya,RU,2021-01-27 03:25:39,65.5833,-171.0,-5.06,87,48,4.14
252,Hualmay,PE,2021-01-27 03:25:39,-11.0964,-77.6139,71.02,80,100,10.89
253,Olinda,BR,2021-01-27 03:25:40,-8.0089,-34.8553,73.4,88,75,3.44
254,Iqaluit,CA,2021-01-27 03:25:40,63.7506,-68.5145,-7.01,77,1,4.61
255,Luang Prabang,LA,2021-01-27 03:25:40,19.8856,102.1347,69.8,68,0,0.58
256,Setermoen,NO,2021-01-27 03:22:10,68.861,18.3486,-0.4,85,44,2.3
257,Port Hedland,AU,2021-01-27 03:25:40,-20.3167,118.5667,102.2,21,46,13.8
258,Candolim,IN,2021-01-27 03:25:41,15.5181,73.7626,73.4,83,26,4.61
259,Te Anau,NZ,2021-01-27 03:25:41,-45.4167,167.7167,61.88,91,75,8.48
260,Walvis Bay,NA,2021-01-27 03:25:41,-22.9575,14.5053,68.0,88,16,3.44
261,The Valley,AI,2021-01-27 03:25:41,18.217,-63.0578,77.0,73,20,10.36
262,Iberia,US,2021-01-27 03:20:59,29.9502,-91.7507,62.6,94,90,8.05
263,Paamiut,GL,2021-01-27 03:25:42,61.994,-49.6678,14.67,79,0,8.88
264,Inhambane,MZ,2021-01-27 03:25:42,-23.865,35.3833,77.95,87,95,6.24
265,Puerto Del Rosario,ES,2021-01-27 03:25:42,28.5004,-13.8627,66.2,82,90,13.8
266,Sena Madureira,BR,2021-01-27 03:25:42,-9.0656,-68.6569,74.53,94,100,2.15
267,Collie,AU,2021-01-27 03:25:42,-33.3667,116.15,73.42,30,51,7.43
268,Naze,JP,2021-01-27 03:25:43,28.3667,129.4833,66.2,72,75,13.8
269,Narsaq,GL,2021-01-27 03:25:43,60.9167,-46.05,10.13,77,0,8.66
270,Padang,ID,2021-01-27 03:23:43,-0.9492,100.3543,84.2,70,20,4.61
271,Marsa Matruh,EG,2021-01-27 03:25:43,31.3525,27.2453,57.2,38,0,14.97
272,Naron,ES,2021-01-27 03:22:02,43.5167,-8.1528,57.2,94,0,5.75
273,Port Blair,IN,2021-01-27 03:25:44,11.6667,92.75,80.55,75,72,10.2
274,Buraydah,SA,2021-01-27 03:22:18,26.326,43.975,50.0,66,0,7.85
275,Lianzhou,CN,2021-01-27 03:25:44,24.7811,112.3825,62.56,45,78,2.1
276,Roros,NO,2021-01-27 03:25:44,62.5747,11.3842,-0.4,85,75,2.3
277,Nanakuli,US,2021-01-27 03:25:44,21.3906,-158.1547,78.8,61,1,5.75
278,Bonavista,CA,2021-01-27 03:25:44,48.6499,-53.1147,33.01,93,100,9.22
279,Mazamari,PE,2021-01-27 03:25:45,-11.3258,-74.5308,70.7,82,100,1.88
280,Kashan,IR,2021-01-27 03:25:45,33.9831,51.4364,39.74,60,5,0.47
281,Ahuimanu,US,2021-01-27 03:25:45,21.4447,-157.8378,78.8,69,75,10.36
282,Trelew,AR,2021-01-27 03:25:45,-43.249,-65.3051,64.9,32,14,4.92
283,Sioux Lookout,CA,2021-01-27 03:25:45,50.1001,-91.917,-13.0,77,75,5.75
284,Andros Town,BS,2021-01-27 03:25:46,24.7,-77.7667,75.18,85,40,9.82
285,Basco,PH,2021-01-27 03:25:46,20.4487,121.9702,72.7,72,0,17.22
286,Auki,SB,2021-01-27 03:25:46,-8.7676,160.7034,82.18,80,100,8.81
287,Nouakchott,MR,2021-01-27 03:25:23,18.0858,-15.9785,64.4,11,0,10.36
288,Carnduff,CA,2021-01-27 03:25:46,49.1667,-101.8009,-18.99,80,11,1.01
289,Puerto Colombia,CO,2021-01-27 03:25:46,10.9878,-74.9547,80.13,72,0,29.46
290,Torit,SS,2021-01-27 03:25:47,4.4133,32.5678,77.36,34,96,3.18
291,Ancud,CL,2021-01-27 03:25:47,-41.8697,-73.8203,53.6,82,90,6.91
292,Mar Del Plata,AR,2021-01-27 03:21:33,-38.0023,-57.5575,71.6,83,75,4.61
293,Ulaanbaatar,MN,2021-01-27 03:25:47,47.9077,106.8832,-18.4,69,75,2.24
294,Felanitx,ES,2021-01-27 03:25:47,39.4696,3.1483,55.4,94,75,3.44
295,Belmonte,BR,2021-01-27 03:25:48,-15.8631,-38.8828,78.8,69,40,13.8
296,Verkhnyaya Inta,RU,2021-01-27 03:25:48,65.9811,60.3094,-20.87,83,100,11.5
297,Klaksvik,FO,2021-01-27 03:25:48,62.2266,-6.589,33.8,80,20,11.5
298,Sarangani,PH,2021-01-27 03:25:48,5.4033,125.4636,81.82,78,100,17.54
299,Niquero,CU,2021-01-27 03:25:48,20.0431,-77.5828,74.68,80,87,4.79
300,Batemans Bay,AU,2021-01-27 03:25:49,-35.7167,150.1833,69.01,65,100,4.0
301,Kulhudhuffushi,MV,2021-01-27 03:23:50,6.6221,73.07,80.49,59,100,6.17
302,Shingu,JP,2021-01-27 03:25:49,33.7333,135.9833,53.6,71,75,19.57
303,Codrington,AU,2021-01-27 03:25:49,-38.2667,141.9667,64.04,59,53,20.62
304,Birao,CF,2021-01-27 03:25:49,10.2849,22.7882,68.5,24,94,5.73
305,Avarua,CK,2021-01-27 03:25:50,-21.2078,-159.775,84.2,70,40,11.5
306,Bilma,NE,2021-01-27 03:25:50,18.6853,12.9164,62.06,21,0,8.72
307,Marsh Harbour,BS,2021-01-27 03:25:50,26.5412,-77.0636,74.39,84,40,8.37
308,Chernyshevsk,RU,2021-01-27 03:25:50,52.5243,117.0174,-8.41,82,100,4.99
309,Kloulklubed,PW,2021-01-27 03:25:50,7.0419,134.2556,82.24,72,100,14.58
310,Krasnoselkup,RU,2021-01-27 03:25:51,65.7,82.4667,-28.86,84,100,11.56
311,Leningradskiy,RU,2021-01-27 03:25:51,69.3833,178.4167,-21.06,86,95,4.99
312,Beyneu,KZ,2021-01-27 03:25:51,45.3167,55.2,27.91,95,7,13.78
313,Gorontalo,ID,2021-01-27 03:25:51,0.5412,123.0595,89.55,51,97,4.12
314,Biltine,TD,2021-01-27 03:25:51,14.5333,20.9167,66.36,22,75,7.38
315,Petropavlovsk-Kamchatskiy,RU,2021-01-27 03:23:56,53.0452,158.6483,32.0,43,100,22.37
316,Goderich,CA,2021-01-27 03:25:52,43.7501,-81.7165,26.6,80,91,11.5
317,El Alto,PE,2021-01-27 03:25:52,-4.2714,-81.2147,74.64,72,79,14.41
318,Saint George,US,2021-01-27 03:24:54,37.1041,-113.5841,37.4,75,90,4.61
319,Plettenberg Bay,ZA,2021-01-27 03:25:52,-34.0527,23.3716,67.6,84,75,5.35
320,Tallahassee,US,2021-01-27 03:25:53,30.4383,-84.2807,68.0,100,90,4.9
321,Sobolevo,RU,2021-01-27 03:25:53,54.4299,31.8996,30.42,98,100,18.25
322,Boo,SE,2021-01-27 03:25:53,59.3333,18.2833,28.0,93,90,10.36
323,Marbella,ES,2021-01-27 03:25:53,36.5154,-4.8858,60.8,88,20,10.36
324,Deputatskiy,RU,2021-01-27 03:25:53,69.3,139.9,-38.58,84,100,2.59
325,Rio Bananal,BR,2021-01-27 03:25:54,-19.265,-40.3333,70.43,92,85,0.78
326,Key Biscayne,US,2021-01-27 03:21:02,25.6937,-80.1628,72.0,88,1,5.75
327,Uige,AO,2021-01-27 03:25:54,-7.6087,15.0613,67.28,95,100,6.11
328,Xuanhua,CN,2021-01-27 03:25:54,40.6103,115.0447,26.69,74,52,1.1
329,Koumac,NC,2021-01-27 03:25:54,-20.5667,164.2833,85.33,65,96,6.22
330,Vedi,AM,2021-01-27 03:25:55,39.9142,44.7222,12.2,85,97,1.14
331,Pecos,US,2021-01-27 03:25:57,31.4229,-103.4932,48.2,31,1,21.85
332,Bell Ville,AR,2021-01-27 03:25:57,-32.6259,-62.6887,73.0,90,100,7.7
333,Rocha,UY,2021-01-27 03:25:59,-34.4833,-54.3333,72.79,83,100,2.77
334,Saint-Francois,FR,2021-01-27 03:26:00,46.4154,3.9054,35.6,75,0,6.91
335,Shar,KZ,2021-01-27 03:26:00,49.5886,81.0453,9.23,94,100,14.47
336,Shelomi,IL,2021-01-27 03:26:00,33.0747,35.1461,61.0,39,100,11.01
337,Dolhesti,RO,2021-01-27 03:26:01,46.8667,27.9,30.2,80,0,8.05
338,San Francisco,US,2021-01-27 03:24:57,37.7749,-122.4194,46.99,71,90,28.77
339,Akim Swedru,GH,2021-01-27 03:26:01,5.8938,-1.0164,73.65,92,2,2.24
340,Kupang,ID,2021-01-27 03:26:01,-10.1667,123.5833,82.4,89,75,10.36
341,Avera,US,2021-01-27 03:26:01,33.194,-82.5271,62.6,77,90,3.44
342,Gunnedah,AU,2021-01-27 03:26:02,-30.9833,150.25,99.0,35,4,1.61
343,Kurilsk,RU,2021-01-27 03:26:02,45.2333,147.8833,26.33,95,86,18.81
344,North Bend,US,2021-01-27 03:26:02,43.4065,-124.2243,41.0,87,90,6.08
345,Port-Cartier,CA,2021-01-27 03:26:02,50.0334,-66.8654,28.4,69,54,3.44
346,Nemuro,JP,2021-01-27 03:26:02,43.3236,145.575,30.2,100,75,12.66
347,Palana,RU,2021-01-27 03:26:03,59.1167,159.9667,-2.0,95,100,12.64
348,San Felipe,VE,2021-01-27 03:26:03,10.3399,-68.7425,70.77,89,78,4.38
349,Kahului,US,2021-01-27 03:26:03,20.8947,-156.47,80.6,54,40,20.71
350,Faanui,PF,2021-01-27 03:26:03,-16.4833,-151.75,81.5,74,37,15.61
351,Balikpapan,ID,2021-01-27 03:26:02,-1.2675,116.8289,87.8,66,20,2.3
352,Nuuk,GL,2021-01-27 03:26:03,64.1835,-51.7216,15.1,85,1,9.66
353,Porto Novo,BJ,2021-01-27 03:25:11,6.4965,2.6036,82.4,83,40,3.44
354,Pisco,PE,2021-01-27 03:26:04,-13.7,-76.2167,69.01,87,99,4.0
355,Fort-Shevchenko,KZ,2021-01-27 03:26:04,44.5086,50.263,33.46,82,0,21.18
356,Port Hardy,CA,2021-01-27 03:26:04,50.6996,-127.4199,42.8,70,75,19.57
357,Lake Havasu City,US,2021-01-27 03:21:13,34.4839,-114.3224,48.2,53,75,9.22
358,Grand Gaube,MU,2021-01-27 03:26:04,-20.0064,57.6608,75.2,83,20,5.75
359,Hofn,IS,2021-01-27 03:26:04,64.2539,-15.2082,25.7,89,99,25.95
360,Fairbanks,US,2021-01-27 03:24:31,64.8378,-147.7164,-11.0,69,20,1.77
361,Betioky,MG,2021-01-27 03:26:05,-23.7167,44.3833,73.9,78,18,3.96
362,Acajutla,SV,2021-01-27 03:26:05,13.5928,-89.8275,78.26,80,1,7.18
363,Kanigoro,ID,2021-01-27 03:26:05,-8.13,112.219,81.91,71,97,2.86
364,Arcata,US,2021-01-27 03:22:44,40.8665,-124.0828,42.8,81,90,27.63
365,Katsuura,JP,2021-01-27 03:26:06,35.1333,140.3,53.01,93,100,1.99
366,Kinshasa,CD,2021-01-27 03:24:02,-4.3246,15.3215,75.2,88,97,4.61
367,Ostrovnoy,RU,2021-01-27 03:26:06,68.0531,39.5131,5.99,93,100,14.54
368,Bull Savanna,JM,2021-01-27 03:26:06,17.8868,-77.5902,72.01,77,62,10.58
369,Bagan,RU,2021-01-27 03:26:06,54.1001,77.6646,28.26,98,98,15.99
370,Moyale,KE,2021-01-27 03:26:06,3.5167,39.0584,66.81,36,0,9.51
371,Vestmanna,FO,2021-01-27 03:26:07,62.1564,-7.1664,33.8,80,20,11.5
372,Touros,BR,2021-01-27 03:26:07,-5.1989,-35.4608,78.67,80,39,13.67
373,Anloga,GH,2021-01-27 03:26:07,5.7947,0.8973,80.6,89,20,4.61
374,Shimoda,JP,2021-01-27 03:26:07,34.6667,138.95,55.4,94,75,12.66
375,Southern Pines,US,2021-01-27 03:26:07,35.174,-79.3923,51.8,100,90,3.24
376,Shangqiu,CN,2021-01-27 03:26:08,34.45,115.65,46.99,72,95,7.87
377,Hambantota,LK,2021-01-27 03:26:08,6.1241,81.1185,78.8,78,20,8.05
378,Acu,BR,2021-01-27 03:26:08,-5.5767,-36.9086,78.62,66,87,10.8
379,Cidreira,BR,2021-01-27 03:26:08,-30.1811,-50.2056,75.83,88,100,4.94
380,Chapais,CA,2021-01-27 03:26:08,49.7834,-74.8492,15.8,92,90,4.61
381,Bathsheba,BB,2021-01-27 03:26:08,13.2167,-59.5167,77.0,73,20,16.11
382,Penzance,GB,2021-01-27 03:26:09,50.1186,-5.5371,48.2,100,90,10.36
383,Bar Harbor,US,2021-01-27 03:26:09,44.3876,-68.2039,32.0,74,90,5.75
384,Manacapuru,BR,2021-01-27 03:26:09,-3.2997,-60.6206,75.2,94,0,2.3
385,Pangnirtung,CA,2021-01-27 03:26:09,66.1451,-65.7125,5.07,68,0,2.06
386,Zaysan,KZ,2021-01-27 03:26:10,47.4667,84.8667,3.69,92,99,1.21
387,Zambezi,ZM,2021-01-27 03:26:10,-13.5432,23.1047,64.08,98,100,2.82
388,Belaya Gora,RU,2021-01-27 03:26:10,68.5333,146.4167,-29.72,82,100,2.21
389,Gundorovskiy,RU,2021-01-27 03:26:10,46.7805,41.8968,35.58,87,100,17.6
390,Sandwick,GB,2021-01-27 03:26:10,60.0,-1.25,28.4,80,33,7.4
391,Lubumbashi,CD,2021-01-27 03:26:10,-11.6609,27.4794,62.29,95,99,2.13
392,Moroto,UG,2021-01-27 03:26:11,2.5345,34.6666,62.01,58,11,4.59
393,Coquimbo,CL,2021-01-27 03:26:11,-29.9533,-71.3436,60.8,82,20,4.61
394,Meulaboh,ID,2021-01-27 03:26:11,4.1363,96.1285,81.79,72,98,2.93
395,Megara,GR,2021-01-27 03:26:11,38.0,23.3456,46.99,81,75,14.97
396,Honningsvag,NO,2021-01-27 03:26:11,70.9821,25.9704,27.59,93,98,28.05
397,Petrozavodsk,RU,2021-01-27 03:26:11,61.7849,34.3469,32.0,100,100,8.95
398,Supaul,IN,2021-01-27 03:26:12,26.1167,86.6,57.45,45,0,7.65
399,Mopti,ML,2021-01-27 03:26:12,14.6667,-4.0,62.6,45,0,4.61
400,Fuxin,CN,2021-01-27 03:26:12,42.0156,121.6589,20.25,66,62,3.67
401,Baturaja,ID,2021-01-27 03:26:13,-4.1333,104.1667,74.79,94,100,1.66
402,Polovinnoye,RU,2021-01-27 03:26:13,54.7914,65.9864,22.64,96,100,11.01
403,San Jose,US,2021-01-27 03:22:33,37.3394,-121.895,46.4,71,90,20.71
404,Valley City,US,2021-01-27 03:26:13,46.9233,-98.0032,-5.8,77,90,10.36
405,Kendari,ID,2021-01-27 03:26:13,-3.945,122.4989,87.08,61,84,4.18
406,Tautira,PF,2021-01-27 03:26:14,-17.7333,-149.15,80.6,74,75,2.3
407,Pocone,BR,2021-01-27 03:26:14,-16.2567,-56.6228,78.76,72,100,5.79
408,Sitka,US,2021-01-27 03:26:14,57.0531,-135.33,30.2,47,20,5.75
409,Korla,CN,2021-01-27 03:26:14,41.7597,86.1469,23.94,78,0,1.83
410,Conde,BR,2021-01-27 03:26:15,-7.2597,-34.9075,77.0,88,20,5.75
411,Kayerkan,RU,2021-01-27 03:26:15,69.3497,87.7602,-20.87,85,100,6.13
412,Taybad,IR,2021-01-27 03:24:23,34.74,60.7756,34.14,76,100,0.98
413,Honiara,SB,2021-01-27 03:26:15,-9.4333,159.95,80.62,82,100,6.6
414,Mahebourg,MU,2021-01-27 03:26:16,-20.4081,57.7,75.2,83,20,5.75
415,Eucaliptus,BO,2021-01-27 03:26:16,-17.5833,-67.5167,49.39,50,84,2.55
416,Natal,BR,2021-01-27 03:26:16,-5.795,-35.2094,78.8,83,20,9.22
417,Aragarcas,BR,2021-01-27 03:22:58,-15.8975,-52.2508,74.08,85,100,1.92
418,Toyooka,JP,2021-01-27 03:26:16,35.5333,134.8333,48.2,71,75,9.22
419,Xai-Xai,MZ,2021-01-27 03:26:16,-25.0519,33.6442,73.83,94,100,6.53
420,Kruisfontein,ZA,2021-01-27 03:26:17,-34.0033,24.7314,70.0,85,99,1.01
421,Le Vauclin,MQ,2021-01-27 03:26:17,14.5452,-60.8388,77.0,69,40,9.22
422,Valentin Gomez Farias,MX,2021-01-27 03:26:17,28.2167,-106.5833,48.99,34,0,7.0
423,Ha Giang,VN,2021-01-27 03:26:17,22.8333,104.9833,68.94,74,87,4.14
424,Noumea,NC,2021-01-27 03:26:17,-22.2763,166.4572,89.6,43,20,13.8
425,Oranjemund,NA,2021-01-27 03:26:17,-28.55,16.4333,62.06,90,89,13.35
426,Kirya,TZ,2021-01-27 03:26:18,-3.9167,37.4833,68.04,87,15,1.72
427,San Patricio,US,2021-01-27 03:26:18,28.017,-97.5169,66.99,94,90,10.36
428,Huarmey,PE,2021-01-27 03:26:18,-10.0681,-78.1522,71.38,79,100,8.75
429,Hof,DE,2021-01-27 03:26:18,50.3167,11.9167,27.0,95,97,7.0
430,Urumqi,CN,2021-01-27 03:26:18,43.801,87.6005,8.6,92,98,4.47
431,Aklavik,CA,2021-01-27 03:26:18,68.2191,-135.0107,-11.2,84,100,3.44
432,Coos Bay,US,2021-01-27 03:24:49,43.3665,-124.2179,39.99,87,90,3.53
433,Gander,CA,2021-01-27 03:26:19,48.9682,-54.5906,30.0,93,75,19.57
434,Charters Towers,AU,2021-01-27 03:26:19,-20.1,146.2667,90.82,40,12,12.19
435,Kurumkan,RU,2021-01-27 03:26:19,54.3,110.3,-8.28,80,100,2.28
436,Nishihara,JP,2021-01-27 03:26:19,26.1842,127.7558,68.0,73,75,18.41
437,Vrangel,RU,2021-01-27 03:26:20,42.7297,133.0839,23.5,81,0,21.32
438,Atambua,ID,2021-01-27 03:26:20,-9.1061,124.8925,81.72,69,100,7.7
439,Hanyang,CN,2021-01-27 03:26:20,32.1371,105.5126,33.01,77,77,8.01
440,Vao,NC,2021-01-27 03:26:20,-22.6667,167.4833,76.95,80,37,22.55
441,Brownsville,US,2021-01-27 03:26:21,25.9018,-97.4975,69.01,94,90,3.44
442,Hamilton,US,2021-01-27 03:22:43,39.1834,-84.5333,36.0,69,90,10.36
443,Lagunas,PE,2021-01-27 03:26:21,-5.2269,-75.6753,73.38,96,100,2.62
444,Colares,PT,2021-01-27 03:26:22,38.7992,-9.4469,57.99,20,88,2.55
445,Peterhead,GB,2021-01-27 03:26:22,57.5058,-1.7981,33.8,100,90,2.3
446,Turbat,PK,2021-01-27 03:26:22,26.0023,63.044,54.46,28,0,8.08
447,Lyndon,US,2021-01-27 03:26:22,38.2567,-85.6016,37.99,65,90,8.05
448,Praia Da Vitoria,PT,2021-01-27 03:26:22,38.7333,-27.0667,61.0,91,98,11.01
449,Salym,RU,2021-01-27 03:26:22,60.0625,71.4789,6.76,95,100,7.72
450,Casino,AU,2021-01-27 03:26:23,-28.8667,153.05,91.4,43,0,5.75
451,Shihezi,CN,2021-01-27 03:26:23,44.3,86.0333,3.6,93,94,0.54
452,Athboy,IE,2021-01-27 03:26:23,53.6186,-6.9206,48.2,87,75,10.36
453,Monduli,TZ,2021-01-27 03:26:23,-3.3,36.45,57.2,82,1,3.74
454,Gezing,AT,2021-01-27 03:26:24,47.9178,13.1299,30.99,86,75,8.05
455,Imeni Poliny Osipenko,RU,2021-01-27 03:26:24,52.4201,136.4853,-8.25,88,100,13.65
456,Banda Aceh,ID,2021-01-27 03:22:10,5.5577,95.3222,82.69,69,84,7.11
457,Uttaradit,TH,2021-01-27 03:26:24,17.6667,100.5,77.0,65,0,1.14
458,Andenes,NO,2021-01-27 03:26:24,69.3143,16.1194,26.01,80,69,10.36
459,Monte Azul,BR,2021-01-27 03:26:25,-15.155,-42.8747,67.87,80,69,6.24
460,Yashkul,RU,2021-01-27 03:26:25,46.1711,45.3435,34.38,93,95,12.44
461,Buckeye,US,2021-01-27 03:24:38,33.3703,-112.5838,46.99,70,40,8.05
462,Portland,US,2021-01-27 03:23:21,45.5234,-122.6762,39.2,81,90,23.02
463,Khani,GE,2021-01-27 03:26:25,41.9563,42.9566,55.4,26,0,24.16
464,Taltal,CL,2021-01-27 03:26:26,-25.4,-70.4833,67.01,66,0,6.06
465,Sao Joao Da Barra,BR,2021-01-27 03:26:26,-21.6403,-41.0511,77.36,83,92,19.44
466,Galle,LK,2021-01-27 03:26:26,6.0367,80.217,76.68,78,51,3.58
467,Berlevag,NO,2021-01-27 03:26:26,70.8578,29.0864,24.89,95,100,27.81
468,Jimo,CN,2021-01-27 03:23:48,36.3897,120.4622,46.4,39,0,6.71
469,Russell,US,2021-01-27 03:26:27,32.3502,-85.1999,62.6,77,90,2.55
470,Vardo,NO,2021-01-27 03:26:27,70.3705,31.1107,24.76,95,100,26.87
471,Chuy,UY,2021-01-27 03:26:27,-33.6971,-53.4616,72.27,93,100,9.78
472,Les Cayes,HT,2021-01-27 03:26:27,18.2,-73.75,73.65,70,18,4.76
473,Rawson,AR,2021-01-27 03:26:27,-43.3002,-65.1023,63.18,47,7,4.9
474,Lovozero,RU,2021-01-27 03:26:28,68.005,35.0117,3.09,93,100,5.57
475,Inirida,CO,2021-01-27 03:26:28,3.8653,-67.9239,73.29,92,65,1.72
476,Hovd,MN,2021-01-27 03:26:28,48.0056,91.6419,-0.33,75,0,1.25
477,Fort Wellington,GY,2021-01-27 03:26:28,6.4,-57.6,76.89,86,97,13.13
478,Ilhabela,BR,2021-01-27 03:24:16,-23.7781,-45.3581,77.45,81,72,3.85
479,Kangaatsiaq,GL,2021-01-27 03:26:28,68.3065,-53.4641,11.77,94,100,6.26
480,Lakes Entrance,AU,2021-01-27 03:26:29,-37.8811,147.981,71.01,52,0,5.99
481,Wenling,CN,2021-01-27 03:26:29,28.3669,121.36,55.0,76,93,9.73
482,Pangkalanbuun,ID,2021-01-27 03:26:29,-2.6833,111.6167,85.68,65,100,4.74
483,Lucea,JM,2021-01-27 03:26:29,18.451,-78.1736,75.0,88,63,11.79
484,Iona,US,2021-01-27 03:26:29,26.5204,-81.964,69.8,94,1,5.32
485,Geraldton,AU,2021-01-27 03:26:30,-28.7667,114.6,72.99,62,45,17.65
486,Kyra,RU,2021-01-27 03:26:30,49.5776,111.9753,-8.64,78,9,5.12
487,Pochutla,MX,2021-01-27 03:26:30,15.7432,-96.4661,75.99,66,0,3.51
488,Kukmor,RU,2021-01-27 03:26:30,56.1855,50.8944,26.37,98,100,10.78
489,Puerto Suarez,BO,2021-01-27 03:26:30,-18.95,-57.8,78.8,71,92,2.62
490,Dubbo,AU,2021-01-27 03:25:12,-32.25,148.6167,96.8,30,40,6.91
491,Tapiramuta,BR,2021-01-27 03:26:31,-11.8472,-40.7914,61.39,100,16,4.03
492,Tigil,RU,2021-01-27 03:26:31,57.8,158.6667,1.81,93,100,8.84
493,Vicosa,BR,2021-01-27 03:26:31,-20.7539,-42.8819,66.83,91,98,6.04
494,Chapleau,CA,2021-01-27 03:26:31,47.8405,-83.4034,1.4,85,75,5.75
495,Hohhot,CN,2021-01-27 03:26:32,40.8106,111.6522,21.2,53,0,2.24
496,Pangai,TO,2021-01-27 03:26:32,-19.8,-174.35,80.6,78,90,8.05
497,Kashi,CN,2021-01-27 03:26:32,39.4547,75.9797,21.2,68,0,6.71
498,Aketi,CD,2021-01-27 03:26:32,2.7388,23.7833,74.62,75,100,1.21
499,Rodrigues Alves,BR,2021-01-27 03:26:32,-7.738,-72.6509,74.05,95,99,1.72
500,Port Macquarie,AU,2021-01-27 03:26:33,-31.4333,152.9167,84.99,65,33,4.0
501,Kavaratti,IN,2021-01-27 03:26:33,10.5669,72.642,80.55,73,29,15.66
502,Ravar,IR,2021-01-27 03:26:33,31.2656,56.8055,37.18,60,0,1.32
503,Santiago,CL,2021-01-27 03:26:33,-33.4569,-70.6483,69.01,51,0,11.5
504,Winslow,US,2021-01-27 03:26:33,35.0242,-110.6974,26.6,74,90,5.75
505,Ironton,US,2021-01-27 03:26:34,38.5368,-82.6829,46.4,76,90,8.05
506,Lewisburg,US,2021-01-27 03:26:34,35.4492,-86.7889,50.0,71,20,5.75
507,Palmer,US,2021-01-27 03:26:34,42.1584,-72.3287,27.0,93,100,6.24
508,Banjar,ID,2021-01-27 03:26:34,-8.19,114.9675,84.2,74,40,13.8
509,Opuwo,NA,2021-01-27 03:26:34,-18.0607,13.84,66.65,73,99,0.4
510,Fort Nelson,CA,2021-01-27 03:26:35,58.8053,-122.7002,-7.6,77,90,13.8
511,Sur,OM,2021-01-27 03:26:35,22.5667,59.5289,64.49,63,0,2.26
512,Siavonga,ZM,2021-01-27 03:26:35,-16.5382,28.7088,68.76,89,100,5.5
513,Sinnamary,GF,2021-01-27 03:26:35,5.3833,-52.95,77.23,87,97,14.25
514,Kenai,US,2021-01-27 03:26:36,60.5544,-151.2583,14.0,85,1,6.91
515,Arzgir,RU,2021-01-27 03:26:23,45.3728,44.2206,33.6,93,71,10.76
516,Heihe,CN,2021-01-27 03:26:36,50.2441,127.4902,-7.6,64,20,6.71
517,Orcopampa,PE,2021-01-27 03:23:11,-15.2661,-72.3417,44.83,60,94,2.55
518,Middletown,US,2021-01-27 03:26:36,39.5151,-84.3983,34.0,80,90,3.44
519,Clarksburg,US,2021-01-27 03:26:37,39.2807,-80.3445,44.6,76,90,12.66
520,Araouane,ML,2021-01-27 03:26:37,18.9048,-3.5265,64.96,21,0,10.78
521,Sargur,IN,2021-01-27 03:26:37,11.9833,76.4167,66.2,82,37,3.83
522,Tombouctou,ML,2021-01-27 03:26:37,20.0,-3.0,65.41,24,0,12.75
523,Olutanga,PH,2021-01-27 03:26:38,7.3106,122.8464,80.71,74,100,3.11
524,Wanning,CN,2021-01-27 03:26:38,18.8003,110.3967,72.91,70,16,7.07
525,Djambala,CG,2021-01-27 03:26:38,-2.5447,14.7533,68.99,90,100,2.24
526,Vanimo,PG,2021-01-27 03:26:38,-2.6741,141.3028,79.68,87,100,11.83
527,Gandorhun,SL,2021-01-27 03:26:38,7.5,-11.8333,73.44,93,49,1.9
528,Waddan,LY,2021-01-27 03:26:39,29.1614,16.139,48.27,64,0,13.51
529,Ribeira Brava,PT,2021-01-27 03:26:39,32.65,-17.0667,62.6,77,75,4.61
530,Manaure,CO,2021-01-27 03:26:39,11.7751,-72.4445,78.31,73,0,20.18
531,General Roca,AR,2021-01-27 03:26:39,-39.0333,-67.5833,71.6,33,0,9.22
532,Cairns,AU,2021-01-27 03:22:23,-16.9167,145.7667,89.6,62,40,8.05
533,Moindou,NC,2021-01-27 03:26:40,-21.6924,165.677,89.6,43,20,13.8
534,Dapaong,TG,2021-01-27 03:26:40,10.8639,0.205,70.48,20,72,8.7
535,Tabou,CI,2021-01-27 03:26:40,4.423,-7.3528,77.34,87,59,6.44
536,Luba,GQ,2021-01-27 03:26:40,3.4568,8.5547,78.8,94,20,4.61
537,Lulea,SE,2021-01-27 03:26:40,65.5842,22.1547,15.8,86,90,12.66
538,Iquique,CL,2021-01-27 03:26:41,-20.2208,-70.1431,69.8,73,0,11.5
539,Ilulissat,GL,2021-01-27 03:26:41,69.2167,-51.1,1.67,92,97,3.31
540,Los Llanos De Aridane,ES,2021-01-27 03:26:41,28.6585,-17.9182,64.4,77,40,10.36
541,Kilindoni,TZ,2021-01-27 03:26:41,-7.9139,39.6668,80.29,80,1,8.23
542,Talcahuano,CL,2021-01-27 03:26:41,-36.7167,-73.1167,59.0,67,34,8.05
543,Pringsewu,ID,2021-01-27 03:26:42,-5.3582,104.9744,74.32,93,100,1.21
544,Mount Isa,AU,2021-01-27 03:26:42,-20.7333,139.5,95.0,38,40,6.91
545,Garissa,KE,2021-01-27 03:26:42,-0.4536,39.6401,73.99,77,13,8.08
546,Luanda,AO,2021-01-27 03:22:38,-8.8368,13.2343,78.8,83,40,5.75
547,Wilmington,US,2021-01-27 03:25:16,34.2257,-77.9447,63.0,94,90,10.36
548,Bezhetsk,RU,2021-01-27 03:26:43,57.7851,36.6965,30.02,98,100,14.38
549,Balrampur,IN,2021-01-27 03:26:43,27.4333,82.1833,52.57,63,0,5.68
550,Peniche,PT,2021-01-27 03:26:43,39.3558,-9.3811,59.0,95,98,8.99
551,Tilichiki,RU,2021-01-27 03:26:43,60.4667,166.1,-11.33,91,100,16.58
552,Saint-Louis,SN,2021-01-27 03:26:44,16.3333,-15.0,66.2,30,0,2.3
553,Mirnyy,RU,2021-01-27 03:26:44,62.5353,113.9611,-39.17,80,56,3.76
554,Gulfport,US,2021-01-27 03:26:44,30.3674,-89.0928,64.4,88,90,5.75
555,Luanshya,ZM,2021-01-27 03:26:44,-13.1367,28.4166,63.0,96,95,2.35
556,Jutai,BR,2021-01-27 03:26:44,-5.1833,-68.9,74.03,97,100,2.42
557,Muscat,OM,2021-01-27 03:26:44,23.6139,58.5922,64.4,48,0,8.05
558,Guatire,VE,2021-01-27 03:26:45,10.4762,-66.5427,78.8,69,0,2.06
559,San Rafael,AR,2021-01-27 03:26:45,-34.6177,-68.3301,75.24,19,0,6.29
560,Warrington,GB,2021-01-27 03:26:45,53.3925,-2.5802,48.2,93,90,8.05
